--------Task 3.2: Star Schema Implementation------------ 

-- Data for Dimension Table Product 
INSERT INTO fleximart_dw.dim_product (product_id, product_name, category, subcategory, unit_price) VALUES
('E001', 'Smartphone Pro', 'Electronics', 'Mobile', 65000.00),
('E002', 'Wireless Earbuds', 'Electronics', 'Audio', 4500.00),
('E003', 'Gaming Laptop', 'Electronics', 'Computing', 95000.00),
('E004', 'Bluetooth Speaker', 'Electronics', 'Audio', 2500.00),
('E005', 'Smart Watch', 'Electronics', 'Wearables', 12000.00),
('H001', 'Coffee Maker', 'Home', 'Appliances', 5500.00),
('H002', 'Vacuum Cleaner', 'Home', 'Appliances', 18000.00),
('H003', 'LED Lamp', 'Home', 'Lighting', 1200.00),
('H004', 'Air Purifier', 'Home', 'Appliances', 14000.00),
('H005', 'Steam Iron', 'Home', 'Appliances', 2200.00),
('A001', 'Backpack', 'Accessories', 'Bags', 1500.00),
('A002', 'Leather Wallet', 'Accessories', 'Personal', 800.00),
('A003', 'USB-C Cable', 'Accessories', 'Tech', 450.00),
('A004', 'Laptop Sleeve', 'Accessories', 'Tech', 1100.00),
('A005', 'Power Bank', 'Accessories', 'Tech', 2800.00);

-- Data for Dimension Table Customer
INSERT INTO fleximart_dw.dim_customer (customer_id, customer_name, city, state, customer_segment) VALUES
('C701', 'Amit Sharma', 'Mumbai', 'Maharashtra', 'Consumer'),
('C702', 'Priya Singh', 'Delhi', 'Delhi', 'Corporate'),
('C703', 'Rahul Verma', 'Bangalore', 'Karnataka', 'Consumer'),
('C704', 'Sita Devi', 'Chennai', 'Tamil Nadu', 'Small Business'),
('C705', 'Vikram Malhotra', 'Mumbai', 'Maharashtra', 'Consumer'),
('C706', 'Anjali Gupta', 'Pune', 'Maharashtra', 'Corporate'),
('C707', 'Karan Johar', 'Delhi', 'Delhi', 'Consumer'),
('C708', 'Sneha Kapoor', 'Bangalore', 'Karnataka', 'Home Office'),
('C709', 'Rohan Das', 'Kolkata', 'West Bengal', 'Consumer'),
('C710', 'Meera Iyer', 'Chennai', 'Tamil Nadu', 'Small Business'),
('C711', 'Arjun Reddy', 'Hyderabad', 'Telangana', 'Corporate'),
('C712', 'Neha Mehra', 'Ahmedabad', 'Gujarat', 'Consumer');

-- Data for Dimension Table Date
INSERT INTO fleximart_dw.dim_date (date_key, full_date, day_of_month, day_of_week, month, month_name, quarter, year, is_weekend) VALUES
(20240101, '2024-01-01', 1, 'Monday', 1, 'January', 'Q1', 2024, FALSE),
(20240102, '2024-01-02', 2, 'Tuesday', 1, 'January', 'Q1', 2024, FALSE),
(20240103, '2024-01-03', 3, 'Wednesday', 1, 'January', 'Q1', 2024, FALSE),
(20240104, '2024-01-04', 4, 'Thursday', 1, 'January', 'Q1', 2024, FALSE),
(20240105, '2024-01-05', 5, 'Friday', 1, 'January', 'Q1', 2024, FALSE),
(20240106, '2024-01-06', 6, 'Saturday', 1, 'January', 'Q1', 2024, TRUE),
(20240107, '2024-01-07', 7, 'Sunday', 1, 'January', 'Q1', 2024, TRUE),
(20240108, '2024-01-08', 8, 'Monday', 1, 'January', 'Q1', 2024, FALSE),
(20240109, '2024-01-09', 9, 'Tuesday', 1, 'January', 'Q1', 2024, FALSE),
(20240110, '2024-01-10', 10, 'Wednesday', 1, 'January', 'Q1', 2024, FALSE),
(20240111, '2024-01-11', 11, 'Thursday', 1, 'January', 'Q1', 2024, FALSE),
(20240112, '2024-01-12', 12, 'Friday', 1, 'January', 'Q1', 2024, FALSE),
(20240113, '2024-01-13', 13, 'Saturday', 1, 'January', 'Q1', 2024, TRUE),
(20240114, '2024-01-14', 14, 'Sunday', 1, 'January', 'Q1', 2024, TRUE),
(20240115, '2024-01-15', 15, 'Monday', 1, 'January', 'Q1', 2024, FALSE),
(20240201, '2024-02-01', 1, 'Thursday', 2, 'February', 'Q1', 2024, FALSE),
(20240202, '2024-02-02', 2, 'Friday', 2, 'February', 'Q1', 2024, FALSE),
(20240203, '2024-02-03', 3, 'Saturday', 2, 'February', 'Q1', 2024, TRUE),
(20240204, '2024-02-04', 4, 'Sunday', 2, 'February', 'Q1', 2024, TRUE),
(20240205, '2024-02-05', 5, 'Monday', 2, 'February', 'Q1', 2024, FALSE),
(20240206, '2024-02-06', 6, 'Tuesday', 2, 'February', 'Q1', 2024, FALSE),
(20240207, '2024-02-07', 7, 'Wednesday', 2, 'February', 'Q1', 2024, FALSE),
(20240208, '2024-02-08', 8, 'Thursday', 2, 'February', 'Q1', 2024, FALSE),
(20240209, '2024-02-09', 9, 'Friday', 2, 'February', 'Q1', 2024, FALSE),
(20240210, '2024-02-10', 10, 'Saturday', 2, 'February', 'Q1', 2024, TRUE),
(20240211, '2024-02-11', 11, 'Sunday', 2, 'February', 'Q1', 2024, TRUE),
(20240212, '2024-02-12', 12, 'Monday', 2, 'February', 'Q1', 2024, FALSE),
(20240213, '2024-02-13', 13, 'Tuesday', 2, 'February', 'Q1', 2024, FALSE),
(20240214, '2024-02-14', 14, 'Wednesday', 2, 'February', 'Q1', 2024, FALSE),
(20240215, '2024-02-15', 15, 'Thursday', 2, 'February', 'Q1', 2024, FALSE);

-- Data for Fact Table Sales
INSERT INTO fleximart_dw.fact_sales (date_key, product_key, customer_key, quantity_sold, unit_price, discount_amount, total_amount) VALUES
(20240101, 1, 1, 1, 65000.00, 5000.00, 60000.00),
(20240102, 13, 2, 2, 450.00, 50.00, 850.00),
(20240103, 11, 3, 1, 1500.00, 0.00, 1500.00),
(20240104, 8, 4, 3, 1200.00, 200.00, 3400.00),
(20240106, 3, 6, 1, 95000.00, 5000.00, 90000.00),
(20240106, 2, 7, 2, 4500.00, 500.00, 8500.00),
(20240107, 7, 8, 1, 18000.00, 1000.00, 17000.00),
(20240107, 5, 1, 1, 12000.00, 0.00, 12000.00),
(20240108, 14, 10, 2, 1100.00, 100.00, 2100.00),
(20240109, 9, 11, 1, 14000.00, 1000.00, 13000.00),
(20240110, 4, 12, 2, 2500.00, 0.00, 5000.00),
(20240113, 1, 4, 1, 65000.00, 2000.00, 63000.00),
(20240113, 15, 5, 2, 2800.00, 200.00, 5400.00),
(20240114, 3, 6, 1, 95000.00, 7000.00, 88000.00),
(20240114, 13, 7, 5, 450.00, 250.00, 2000.00),
(20240114, 2, 8, 1, 4500.00, 0.00, 4500.00),
(20240115, 11, 9, 1, 1500.00, 100.00, 1400.00),
(20240115, 12, 10, 1, 800.00, 0.00, 800.00),
(20240115, 8, 11, 2, 1200.00, 0.00, 2400.00),
(20240115, 5, 12, 1, 12000.00, 500.00, 11500.00),
(20240201, 7, 1, 1, 18000.00, 1500.00, 16500.00),
(20240202, 1, 2, 1, 65000.00, 0.00, 65000.00),
(20240203, 4, 3, 3, 2500.00, 500.00, 7000.00),
(20240203, 9, 4, 1, 14000.00, 1000.00, 13000.00),
(20240204, 14, 5, 2, 1100.00, 0.00, 2200.00),
(20240205, 6, 6, 1, 5500.00, 200.00, 5300.00),
(20240206, 10, 7, 1, 2200.00, 0.00, 2200.00),
(20240207, 15, 8, 2, 2800.00, 300.00, 5300.00),
(20240208, 2, 9, 1, 4500.00, 100.00, 4400.00),
(20240209, 13, 10, 4, 450.00, 0.00, 1800.00),
(20240210, 11, 11, 2, 1500.00, 200.00, 2800.00),
(20240210, 3, 12, 1, 95000.00, 10000.00, 85000.00),
(20240211, 8, 1, 5, 1200.00, 500.00, 5500.00),
(20240211, 5, 2, 1, 12000.00, 1000.00, 11000.00),
(20240212, 7, 3, 1, 18000.00, 0.00, 18000.00),
(20240213, 12, 4, 3, 800.00, 100.00, 2300.00),
(20240214, 1, 5, 1, 65000.00, 4000.00, 61000.00),
(20240214, 15, 6, 1, 2800.00, 0.00, 2800.00),
(20240215, 2, 7, 2, 4500.00, 400.00, 8600.00),
(20240215, 6, 8, 1, 5500.00, 0.00, 5500.00);


